real_sample,Annotation_of_cell_types,Annotation_of_cell_types_real_sample,Condition,Genotype
KO_HT1,B_cells,B_cells_KO_HT1,untreated,KO
KO_HT2,B_cells,B_cells_KO_HT2,untreated,KO
KO_HT3,B_cells,B_cells_KO_HT3,untreated,KO
KO_HT4,B_cells,B_cells_KO_HT4,untreated,KO
KO_MNU_1_HT1,B_cells,B_cells_KO_MNU_1_HT1,treated,KO
KO_MNU_1_HT2,B_cells,B_cells_KO_MNU_1_HT2,treated,KO
KO_MNU_1_HT3,B_cells,B_cells_KO_MNU_1_HT3,treated,KO
KO_MNU_1_HT4,B_cells,B_cells_KO_MNU_1_HT4,treated,KO
KO_MNU_2_HT1,B_cells,B_cells_KO_MNU_2_HT1,treated,KO
KO_MNU_2_HT2,B_cells,B_cells_KO_MNU_2_HT2,treated,KO
KO_MNU_2_HT3,B_cells,B_cells_KO_MNU_2_HT3,treated,KO
KO_MNU_2_HT4,B_cells,B_cells_KO_MNU_2_HT4,treated,KO
WT_HT1,B_cells,B_cells_WT_HT1,untreated,WT
WT_HT2,B_cells,B_cells_WT_HT2,untreated,WT
WT_HT3,B_cells,B_cells_WT_HT3,untreated,WT
WT_HT4,B_cells,B_cells_WT_HT4,untreated,WT
WT_MNU_1_HT1,B_cells,B_cells_WT_MNU_1_HT1,treated,WT
WT_MNU_1_HT3,B_cells,B_cells_WT_MNU_1_HT3,treated,WT
WT_MNU_1_HT4,B_cells,B_cells_WT_MNU_1_HT4,treated,WT
WT_MNU_1_HT5,B_cells,B_cells_WT_MNU_1_HT5,treated,WT
WT_MNU_2_HT1,B_cells,B_cells_WT_MNU_2_HT1,treated,WT
WT_MNU_2_HT3,B_cells,B_cells_WT_MNU_2_HT3,treated,WT
WT_MNU_2_HT4,B_cells,B_cells_WT_MNU_2_HT4,treated,WT
WT_MNU_2_HT5,B_cells,B_cells_WT_MNU_2_HT5,treated,WT
KO_HT1,CCR7_and_DCs,CCR7_and_DCs_KO_HT1,untreated,KO
KO_HT2,CCR7_and_DCs,CCR7_and_DCs_KO_HT2,untreated,KO
KO_HT3,CCR7_and_DCs,CCR7_and_DCs_KO_HT3,untreated,KO
KO_HT4,CCR7_and_DCs,CCR7_and_DCs_KO_HT4,untreated,KO
KO_MNU_1_HT1,CCR7_and_DCs,CCR7_and_DCs_KO_MNU_1_HT1,treated,KO
KO_MNU_1_HT2,CCR7_and_DCs,CCR7_and_DCs_KO_MNU_1_HT2,treated,KO
KO_MNU_1_HT3,CCR7_and_DCs,CCR7_and_DCs_KO_MNU_1_HT3,treated,KO
KO_MNU_1_HT4,CCR7_and_DCs,CCR7_and_DCs_KO_MNU_1_HT4,treated,KO
KO_MNU_2_HT1,CCR7_and_DCs,CCR7_and_DCs_KO_MNU_2_HT1,treated,KO
KO_MNU_2_HT2,CCR7_and_DCs,CCR7_and_DCs_KO_MNU_2_HT2,treated,KO
KO_MNU_2_HT3,CCR7_and_DCs,CCR7_and_DCs_KO_MNU_2_HT3,treated,KO
KO_MNU_2_HT4,CCR7_and_DCs,CCR7_and_DCs_KO_MNU_2_HT4,treated,KO
WT_HT1,CCR7_and_DCs,CCR7_and_DCs_WT_HT1,untreated,WT
WT_HT2,CCR7_and_DCs,CCR7_and_DCs_WT_HT2,untreated,WT
WT_HT3,CCR7_and_DCs,CCR7_and_DCs_WT_HT3,untreated,WT
WT_HT4,CCR7_and_DCs,CCR7_and_DCs_WT_HT4,untreated,WT
WT_MNU_1_HT1,CCR7_and_DCs,CCR7_and_DCs_WT_MNU_1_HT1,treated,WT
WT_MNU_1_HT3,CCR7_and_DCs,CCR7_and_DCs_WT_MNU_1_HT3,treated,WT
WT_MNU_1_HT4,CCR7_and_DCs,CCR7_and_DCs_WT_MNU_1_HT4,treated,WT
WT_MNU_1_HT5,CCR7_and_DCs,CCR7_and_DCs_WT_MNU_1_HT5,treated,WT
WT_MNU_2_HT1,CCR7_and_DCs,CCR7_and_DCs_WT_MNU_2_HT1,treated,WT
WT_MNU_2_HT3,CCR7_and_DCs,CCR7_and_DCs_WT_MNU_2_HT3,treated,WT
WT_MNU_2_HT4,CCR7_and_DCs,CCR7_and_DCs_WT_MNU_2_HT4,treated,WT
WT_MNU_2_HT5,CCR7_and_DCs,CCR7_and_DCs_WT_MNU_2_HT5,treated,WT
KO_HT1,CD4_or_CD8,CD4_or_CD8_KO_HT1,untreated,KO
KO_HT2,CD4_or_CD8,CD4_or_CD8_KO_HT2,untreated,KO
KO_HT3,CD4_or_CD8,CD4_or_CD8_KO_HT3,untreated,KO
KO_HT4,CD4_or_CD8,CD4_or_CD8_KO_HT4,untreated,KO
KO_MNU_1_HT1,CD4_or_CD8,CD4_or_CD8_KO_MNU_1_HT1,treated,KO
KO_MNU_1_HT2,CD4_or_CD8,CD4_or_CD8_KO_MNU_1_HT2,treated,KO
KO_MNU_1_HT3,CD4_or_CD8,CD4_or_CD8_KO_MNU_1_HT3,treated,KO
KO_MNU_1_HT4,CD4_or_CD8,CD4_or_CD8_KO_MNU_1_HT4,treated,KO
KO_MNU_2_HT1,CD4_or_CD8,CD4_or_CD8_KO_MNU_2_HT1,treated,KO
KO_MNU_2_HT2,CD4_or_CD8,CD4_or_CD8_KO_MNU_2_HT2,treated,KO
KO_MNU_2_HT3,CD4_or_CD8,CD4_or_CD8_KO_MNU_2_HT3,treated,KO
KO_MNU_2_HT4,CD4_or_CD8,CD4_or_CD8_KO_MNU_2_HT4,treated,KO
WT_HT1,CD4_or_CD8,CD4_or_CD8_WT_HT1,untreated,WT
WT_HT2,CD4_or_CD8,CD4_or_CD8_WT_HT2,untreated,WT
WT_HT3,CD4_or_CD8,CD4_or_CD8_WT_HT3,untreated,WT
WT_HT4,CD4_or_CD8,CD4_or_CD8_WT_HT4,untreated,WT
WT_MNU_1_HT1,CD4_or_CD8,CD4_or_CD8_WT_MNU_1_HT1,treated,WT
WT_MNU_1_HT3,CD4_or_CD8,CD4_or_CD8_WT_MNU_1_HT3,treated,WT
WT_MNU_1_HT4,CD4_or_CD8,CD4_or_CD8_WT_MNU_1_HT4,treated,WT
WT_MNU_1_HT5,CD4_or_CD8,CD4_or_CD8_WT_MNU_1_HT5,treated,WT
WT_MNU_2_HT1,CD4_or_CD8,CD4_or_CD8_WT_MNU_2_HT1,treated,WT
WT_MNU_2_HT3,CD4_or_CD8,CD4_or_CD8_WT_MNU_2_HT3,treated,WT
WT_MNU_2_HT4,CD4_or_CD8,CD4_or_CD8_WT_MNU_2_HT4,treated,WT
WT_MNU_2_HT5,CD4_or_CD8,CD4_or_CD8_WT_MNU_2_HT5,treated,WT
KO_HT1,DC1,DC1_KO_HT1,untreated,KO
KO_HT2,DC1,DC1_KO_HT2,untreated,KO
KO_HT3,DC1,DC1_KO_HT3,untreated,KO
KO_HT4,DC1,DC1_KO_HT4,untreated,KO
KO_MNU_1_HT1,DC1,DC1_KO_MNU_1_HT1,treated,KO
KO_MNU_1_HT2,DC1,DC1_KO_MNU_1_HT2,treated,KO
KO_MNU_1_HT3,DC1,DC1_KO_MNU_1_HT3,treated,KO
KO_MNU_1_HT4,DC1,DC1_KO_MNU_1_HT4,treated,KO
KO_MNU_2_HT1,DC1,DC1_KO_MNU_2_HT1,treated,KO
KO_MNU_2_HT2,DC1,DC1_KO_MNU_2_HT2,treated,KO
KO_MNU_2_HT3,DC1,DC1_KO_MNU_2_HT3,treated,KO
KO_MNU_2_HT4,DC1,DC1_KO_MNU_2_HT4,treated,KO
WT_HT1,DC1,DC1_WT_HT1,untreated,WT
WT_HT2,DC1,DC1_WT_HT2,untreated,WT
WT_HT3,DC1,DC1_WT_HT3,untreated,WT
WT_HT4,DC1,DC1_WT_HT4,untreated,WT
WT_MNU_1_HT1,DC1,DC1_WT_MNU_1_HT1,treated,WT
WT_MNU_1_HT3,DC1,DC1_WT_MNU_1_HT3,treated,WT
WT_MNU_1_HT4,DC1,DC1_WT_MNU_1_HT4,treated,WT
WT_MNU_1_HT5,DC1,DC1_WT_MNU_1_HT5,treated,WT
WT_MNU_2_HT1,DC1,DC1_WT_MNU_2_HT1,treated,WT
WT_MNU_2_HT3,DC1,DC1_WT_MNU_2_HT3,treated,WT
WT_MNU_2_HT4,DC1,DC1_WT_MNU_2_HT4,treated,WT
WT_MNU_2_HT5,DC1,DC1_WT_MNU_2_HT5,treated,WT
KO_HT1,endothelial_cells_and_stromal_cells,endothelial_cells_and_stromal_cells_KO_HT1,untreated,KO
KO_HT2,endothelial_cells_and_stromal_cells,endothelial_cells_and_stromal_cells_KO_HT2,untreated,KO
KO_HT3,endothelial_cells_and_stromal_cells,endothelial_cells_and_stromal_cells_KO_HT3,untreated,KO
KO_HT4,endothelial_cells_and_stromal_cells,endothelial_cells_and_stromal_cells_KO_HT4,untreated,KO
KO_MNU_1_HT1,endothelial_cells_and_stromal_cells,endothelial_cells_and_stromal_cells_KO_MNU_1_HT1,treated,KO
KO_MNU_1_HT2,endothelial_cells_and_stromal_cells,endothelial_cells_and_stromal_cells_KO_MNU_1_HT2,treated,KO
KO_MNU_1_HT3,endothelial_cells_and_stromal_cells,endothelial_cells_and_stromal_cells_KO_MNU_1_HT3,treated,KO
KO_MNU_1_HT4,endothelial_cells_and_stromal_cells,endothelial_cells_and_stromal_cells_KO_MNU_1_HT4,treated,KO
KO_MNU_2_HT1,endothelial_cells_and_stromal_cells,endothelial_cells_and_stromal_cells_KO_MNU_2_HT1,treated,KO
KO_MNU_2_HT2,endothelial_cells_and_stromal_cells,endothelial_cells_and_stromal_cells_KO_MNU_2_HT2,treated,KO
KO_MNU_2_HT3,endothelial_cells_and_stromal_cells,endothelial_cells_and_stromal_cells_KO_MNU_2_HT3,treated,KO
KO_MNU_2_HT4,endothelial_cells_and_stromal_cells,endothelial_cells_and_stromal_cells_KO_MNU_2_HT4,treated,KO
WT_HT1,endothelial_cells_and_stromal_cells,endothelial_cells_and_stromal_cells_WT_HT1,untreated,WT
WT_HT2,endothelial_cells_and_stromal_cells,endothelial_cells_and_stromal_cells_WT_HT2,untreated,WT
WT_HT3,endothelial_cells_and_stromal_cells,endothelial_cells_and_stromal_cells_WT_HT3,untreated,WT
WT_HT4,endothelial_cells_and_stromal_cells,endothelial_cells_and_stromal_cells_WT_HT4,untreated,WT
WT_MNU_1_HT1,endothelial_cells_and_stromal_cells,endothelial_cells_and_stromal_cells_WT_MNU_1_HT1,treated,WT
WT_MNU_1_HT3,endothelial_cells_and_stromal_cells,endothelial_cells_and_stromal_cells_WT_MNU_1_HT3,treated,WT
WT_MNU_1_HT4,endothelial_cells_and_stromal_cells,endothelial_cells_and_stromal_cells_WT_MNU_1_HT4,treated,WT
WT_MNU_1_HT5,endothelial_cells_and_stromal_cells,endothelial_cells_and_stromal_cells_WT_MNU_1_HT5,treated,WT
WT_MNU_2_HT1,endothelial_cells_and_stromal_cells,endothelial_cells_and_stromal_cells_WT_MNU_2_HT1,treated,WT
WT_MNU_2_HT3,endothelial_cells_and_stromal_cells,endothelial_cells_and_stromal_cells_WT_MNU_2_HT3,treated,WT
WT_MNU_2_HT4,endothelial_cells_and_stromal_cells,endothelial_cells_and_stromal_cells_WT_MNU_2_HT4,treated,WT
WT_MNU_2_HT5,endothelial_cells_and_stromal_cells,endothelial_cells_and_stromal_cells_WT_MNU_2_HT5,treated,WT
KO_HT1,gamma_delta_T_cells,gamma_delta_T_cells_KO_HT1,untreated,KO
KO_HT2,gamma_delta_T_cells,gamma_delta_T_cells_KO_HT2,untreated,KO
KO_HT3,gamma_delta_T_cells,gamma_delta_T_cells_KO_HT3,untreated,KO
KO_HT4,gamma_delta_T_cells,gamma_delta_T_cells_KO_HT4,untreated,KO
KO_MNU_1_HT1,gamma_delta_T_cells,gamma_delta_T_cells_KO_MNU_1_HT1,treated,KO
KO_MNU_1_HT2,gamma_delta_T_cells,gamma_delta_T_cells_KO_MNU_1_HT2,treated,KO
KO_MNU_1_HT3,gamma_delta_T_cells,gamma_delta_T_cells_KO_MNU_1_HT3,treated,KO
KO_MNU_1_HT4,gamma_delta_T_cells,gamma_delta_T_cells_KO_MNU_1_HT4,treated,KO
KO_MNU_2_HT1,gamma_delta_T_cells,gamma_delta_T_cells_KO_MNU_2_HT1,treated,KO
KO_MNU_2_HT2,gamma_delta_T_cells,gamma_delta_T_cells_KO_MNU_2_HT2,treated,KO
KO_MNU_2_HT3,gamma_delta_T_cells,gamma_delta_T_cells_KO_MNU_2_HT3,treated,KO
KO_MNU_2_HT4,gamma_delta_T_cells,gamma_delta_T_cells_KO_MNU_2_HT4,treated,KO
WT_HT1,gamma_delta_T_cells,gamma_delta_T_cells_WT_HT1,untreated,WT
WT_HT2,gamma_delta_T_cells,gamma_delta_T_cells_WT_HT2,untreated,WT
WT_HT3,gamma_delta_T_cells,gamma_delta_T_cells_WT_HT3,untreated,WT
WT_HT4,gamma_delta_T_cells,gamma_delta_T_cells_WT_HT4,untreated,WT
WT_MNU_1_HT1,gamma_delta_T_cells,gamma_delta_T_cells_WT_MNU_1_HT1,treated,WT
WT_MNU_1_HT3,gamma_delta_T_cells,gamma_delta_T_cells_WT_MNU_1_HT3,treated,WT
WT_MNU_1_HT4,gamma_delta_T_cells,gamma_delta_T_cells_WT_MNU_1_HT4,treated,WT
WT_MNU_1_HT5,gamma_delta_T_cells,gamma_delta_T_cells_WT_MNU_1_HT5,treated,WT
WT_MNU_2_HT1,gamma_delta_T_cells,gamma_delta_T_cells_WT_MNU_2_HT1,treated,WT
WT_MNU_2_HT3,gamma_delta_T_cells,gamma_delta_T_cells_WT_MNU_2_HT3,treated,WT
WT_MNU_2_HT4,gamma_delta_T_cells,gamma_delta_T_cells_WT_MNU_2_HT4,treated,WT
WT_MNU_2_HT5,gamma_delta_T_cells,gamma_delta_T_cells_WT_MNU_2_HT5,treated,WT
KO_HT1,ILC2,ILC2_KO_HT1,untreated,KO
KO_HT2,ILC2,ILC2_KO_HT2,untreated,KO
KO_HT3,ILC2,ILC2_KO_HT3,untreated,KO
KO_HT4,ILC2,ILC2_KO_HT4,untreated,KO
KO_MNU_1_HT1,ILC2,ILC2_KO_MNU_1_HT1,treated,KO
KO_MNU_1_HT2,ILC2,ILC2_KO_MNU_1_HT2,treated,KO
KO_MNU_1_HT3,ILC2,ILC2_KO_MNU_1_HT3,treated,KO
KO_MNU_1_HT4,ILC2,ILC2_KO_MNU_1_HT4,treated,KO
KO_MNU_2_HT1,ILC2,ILC2_KO_MNU_2_HT1,treated,KO
KO_MNU_2_HT2,ILC2,ILC2_KO_MNU_2_HT2,treated,KO
KO_MNU_2_HT3,ILC2,ILC2_KO_MNU_2_HT3,treated,KO
KO_MNU_2_HT4,ILC2,ILC2_KO_MNU_2_HT4,treated,KO
WT_HT1,ILC2,ILC2_WT_HT1,untreated,WT
WT_HT2,ILC2,ILC2_WT_HT2,untreated,WT
WT_HT3,ILC2,ILC2_WT_HT3,untreated,WT
WT_HT4,ILC2,ILC2_WT_HT4,untreated,WT
WT_MNU_1_HT1,ILC2,ILC2_WT_MNU_1_HT1,treated,WT
WT_MNU_1_HT3,ILC2,ILC2_WT_MNU_1_HT3,treated,WT
WT_MNU_1_HT4,ILC2,ILC2_WT_MNU_1_HT4,treated,WT
WT_MNU_1_HT5,ILC2,ILC2_WT_MNU_1_HT5,treated,WT
WT_MNU_2_HT1,ILC2,ILC2_WT_MNU_2_HT1,treated,WT
WT_MNU_2_HT3,ILC2,ILC2_WT_MNU_2_HT3,treated,WT
WT_MNU_2_HT4,ILC2,ILC2_WT_MNU_2_HT4,treated,WT
WT_MNU_2_HT5,ILC2,ILC2_WT_MNU_2_HT5,treated,WT
KO_HT1,Macrophage,Macrophage_KO_HT1,untreated,KO
KO_HT2,Macrophage,Macrophage_KO_HT2,untreated,KO
KO_HT3,Macrophage,Macrophage_KO_HT3,untreated,KO
KO_HT4,Macrophage,Macrophage_KO_HT4,untreated,KO
KO_MNU_1_HT1,Macrophage,Macrophage_KO_MNU_1_HT1,treated,KO
KO_MNU_1_HT2,Macrophage,Macrophage_KO_MNU_1_HT2,treated,KO
KO_MNU_1_HT3,Macrophage,Macrophage_KO_MNU_1_HT3,treated,KO
KO_MNU_1_HT4,Macrophage,Macrophage_KO_MNU_1_HT4,treated,KO
KO_MNU_2_HT1,Macrophage,Macrophage_KO_MNU_2_HT1,treated,KO
KO_MNU_2_HT2,Macrophage,Macrophage_KO_MNU_2_HT2,treated,KO
KO_MNU_2_HT3,Macrophage,Macrophage_KO_MNU_2_HT3,treated,KO
KO_MNU_2_HT4,Macrophage,Macrophage_KO_MNU_2_HT4,treated,KO
WT_HT1,Macrophage,Macrophage_WT_HT1,untreated,WT
WT_HT2,Macrophage,Macrophage_WT_HT2,untreated,WT
WT_HT3,Macrophage,Macrophage_WT_HT3,untreated,WT
WT_HT4,Macrophage,Macrophage_WT_HT4,untreated,WT
WT_MNU_1_HT1,Macrophage,Macrophage_WT_MNU_1_HT1,treated,WT
WT_MNU_1_HT3,Macrophage,Macrophage_WT_MNU_1_HT3,treated,WT
WT_MNU_1_HT4,Macrophage,Macrophage_WT_MNU_1_HT4,treated,WT
WT_MNU_1_HT5,Macrophage,Macrophage_WT_MNU_1_HT5,treated,WT
WT_MNU_2_HT1,Macrophage,Macrophage_WT_MNU_2_HT1,treated,WT
WT_MNU_2_HT3,Macrophage,Macrophage_WT_MNU_2_HT3,treated,WT
WT_MNU_2_HT4,Macrophage,Macrophage_WT_MNU_2_HT4,treated,WT
WT_MNU_2_HT5,Macrophage,Macrophage_WT_MNU_2_HT5,treated,WT
KO_HT1,Mast_cells,Mast_cells_KO_HT1,untreated,KO
KO_HT2,Mast_cells,Mast_cells_KO_HT2,untreated,KO
KO_HT3,Mast_cells,Mast_cells_KO_HT3,untreated,KO
KO_HT4,Mast_cells,Mast_cells_KO_HT4,untreated,KO
KO_MNU_1_HT1,Mast_cells,Mast_cells_KO_MNU_1_HT1,treated,KO
KO_MNU_1_HT2,Mast_cells,Mast_cells_KO_MNU_1_HT2,treated,KO
KO_MNU_1_HT3,Mast_cells,Mast_cells_KO_MNU_1_HT3,treated,KO
KO_MNU_1_HT4,Mast_cells,Mast_cells_KO_MNU_1_HT4,treated,KO
KO_MNU_2_HT1,Mast_cells,Mast_cells_KO_MNU_2_HT1,treated,KO
KO_MNU_2_HT2,Mast_cells,Mast_cells_KO_MNU_2_HT2,treated,KO
KO_MNU_2_HT3,Mast_cells,Mast_cells_KO_MNU_2_HT3,treated,KO
KO_MNU_2_HT4,Mast_cells,Mast_cells_KO_MNU_2_HT4,treated,KO
WT_HT1,Mast_cells,Mast_cells_WT_HT1,untreated,WT
WT_HT2,Mast_cells,Mast_cells_WT_HT2,untreated,WT
WT_HT3,Mast_cells,Mast_cells_WT_HT3,untreated,WT
WT_HT4,Mast_cells,Mast_cells_WT_HT4,untreated,WT
WT_MNU_1_HT1,Mast_cells,Mast_cells_WT_MNU_1_HT1,treated,WT
WT_MNU_1_HT3,Mast_cells,Mast_cells_WT_MNU_1_HT3,treated,WT
WT_MNU_1_HT4,Mast_cells,Mast_cells_WT_MNU_1_HT4,treated,WT
WT_MNU_1_HT5,Mast_cells,Mast_cells_WT_MNU_1_HT5,treated,WT
WT_MNU_2_HT1,Mast_cells,Mast_cells_WT_MNU_2_HT1,treated,WT
WT_MNU_2_HT3,Mast_cells,Mast_cells_WT_MNU_2_HT3,treated,WT
WT_MNU_2_HT4,Mast_cells,Mast_cells_WT_MNU_2_HT4,treated,WT
WT_MNU_2_HT5,Mast_cells,Mast_cells_WT_MNU_2_HT5,treated,WT
KO_HT1,Mast_cells_2,Mast_cells_2_KO_HT1,untreated,KO
KO_HT2,Mast_cells_2,Mast_cells_2_KO_HT2,untreated,KO
KO_HT3,Mast_cells_2,Mast_cells_2_KO_HT3,untreated,KO
KO_HT4,Mast_cells_2,Mast_cells_2_KO_HT4,untreated,KO
KO_MNU_1_HT1,Mast_cells_2,Mast_cells_2_KO_MNU_1_HT1,treated,KO
KO_MNU_1_HT2,Mast_cells_2,Mast_cells_2_KO_MNU_1_HT2,treated,KO
KO_MNU_1_HT3,Mast_cells_2,Mast_cells_2_KO_MNU_1_HT3,treated,KO
KO_MNU_1_HT4,Mast_cells_2,Mast_cells_2_KO_MNU_1_HT4,treated,KO
KO_MNU_2_HT1,Mast_cells_2,Mast_cells_2_KO_MNU_2_HT1,treated,KO
KO_MNU_2_HT2,Mast_cells_2,Mast_cells_2_KO_MNU_2_HT2,treated,KO
KO_MNU_2_HT3,Mast_cells_2,Mast_cells_2_KO_MNU_2_HT3,treated,KO
KO_MNU_2_HT4,Mast_cells_2,Mast_cells_2_KO_MNU_2_HT4,treated,KO
WT_HT1,Mast_cells_2,Mast_cells_2_WT_HT1,untreated,WT
WT_HT2,Mast_cells_2,Mast_cells_2_WT_HT2,untreated,WT
WT_HT3,Mast_cells_2,Mast_cells_2_WT_HT3,untreated,WT
WT_HT4,Mast_cells_2,Mast_cells_2_WT_HT4,untreated,WT
WT_MNU_1_HT1,Mast_cells_2,Mast_cells_2_WT_MNU_1_HT1,treated,WT
WT_MNU_1_HT3,Mast_cells_2,Mast_cells_2_WT_MNU_1_HT3,treated,WT
WT_MNU_1_HT4,Mast_cells_2,Mast_cells_2_WT_MNU_1_HT4,treated,WT
WT_MNU_1_HT5,Mast_cells_2,Mast_cells_2_WT_MNU_1_HT5,treated,WT
WT_MNU_2_HT1,Mast_cells_2,Mast_cells_2_WT_MNU_2_HT1,treated,WT
WT_MNU_2_HT3,Mast_cells_2,Mast_cells_2_WT_MNU_2_HT3,treated,WT
WT_MNU_2_HT4,Mast_cells_2,Mast_cells_2_WT_MNU_2_HT4,treated,WT
WT_MNU_2_HT5,Mast_cells_2,Mast_cells_2_WT_MNU_2_HT5,treated,WT
KO_HT1,Monocyte,Monocyte_KO_HT1,untreated,KO
KO_HT2,Monocyte,Monocyte_KO_HT2,untreated,KO
KO_HT3,Monocyte,Monocyte_KO_HT3,untreated,KO
KO_HT4,Monocyte,Monocyte_KO_HT4,untreated,KO
KO_MNU_1_HT1,Monocyte,Monocyte_KO_MNU_1_HT1,treated,KO
KO_MNU_1_HT2,Monocyte,Monocyte_KO_MNU_1_HT2,treated,KO
KO_MNU_1_HT3,Monocyte,Monocyte_KO_MNU_1_HT3,treated,KO
KO_MNU_1_HT4,Monocyte,Monocyte_KO_MNU_1_HT4,treated,KO
KO_MNU_2_HT1,Monocyte,Monocyte_KO_MNU_2_HT1,treated,KO
KO_MNU_2_HT2,Monocyte,Monocyte_KO_MNU_2_HT2,treated,KO
KO_MNU_2_HT3,Monocyte,Monocyte_KO_MNU_2_HT3,treated,KO
KO_MNU_2_HT4,Monocyte,Monocyte_KO_MNU_2_HT4,treated,KO
WT_HT1,Monocyte,Monocyte_WT_HT1,untreated,WT
WT_HT2,Monocyte,Monocyte_WT_HT2,untreated,WT
WT_HT3,Monocyte,Monocyte_WT_HT3,untreated,WT
WT_HT4,Monocyte,Monocyte_WT_HT4,untreated,WT
WT_MNU_1_HT1,Monocyte,Monocyte_WT_MNU_1_HT1,treated,WT
WT_MNU_1_HT3,Monocyte,Monocyte_WT_MNU_1_HT3,treated,WT
WT_MNU_1_HT4,Monocyte,Monocyte_WT_MNU_1_HT4,treated,WT
WT_MNU_1_HT5,Monocyte,Monocyte_WT_MNU_1_HT5,treated,WT
WT_MNU_2_HT1,Monocyte,Monocyte_WT_MNU_2_HT1,treated,WT
WT_MNU_2_HT3,Monocyte,Monocyte_WT_MNU_2_HT3,treated,WT
WT_MNU_2_HT4,Monocyte,Monocyte_WT_MNU_2_HT4,treated,WT
WT_MNU_2_HT5,Monocyte,Monocyte_WT_MNU_2_HT5,treated,WT
KO_HT1,NK_cell,NK_cell_KO_HT1,untreated,KO
KO_HT2,NK_cell,NK_cell_KO_HT2,untreated,KO
KO_HT3,NK_cell,NK_cell_KO_HT3,untreated,KO
KO_HT4,NK_cell,NK_cell_KO_HT4,untreated,KO
KO_MNU_1_HT1,NK_cell,NK_cell_KO_MNU_1_HT1,treated,KO
KO_MNU_1_HT2,NK_cell,NK_cell_KO_MNU_1_HT2,treated,KO
KO_MNU_1_HT3,NK_cell,NK_cell_KO_MNU_1_HT3,treated,KO
KO_MNU_1_HT4,NK_cell,NK_cell_KO_MNU_1_HT4,treated,KO
KO_MNU_2_HT1,NK_cell,NK_cell_KO_MNU_2_HT1,treated,KO
KO_MNU_2_HT2,NK_cell,NK_cell_KO_MNU_2_HT2,treated,KO
KO_MNU_2_HT3,NK_cell,NK_cell_KO_MNU_2_HT3,treated,KO
KO_MNU_2_HT4,NK_cell,NK_cell_KO_MNU_2_HT4,treated,KO
WT_HT1,NK_cell,NK_cell_WT_HT1,untreated,WT
WT_HT2,NK_cell,NK_cell_WT_HT2,untreated,WT
WT_HT3,NK_cell,NK_cell_WT_HT3,untreated,WT
WT_HT4,NK_cell,NK_cell_WT_HT4,untreated,WT
WT_MNU_1_HT1,NK_cell,NK_cell_WT_MNU_1_HT1,treated,WT
WT_MNU_1_HT3,NK_cell,NK_cell_WT_MNU_1_HT3,treated,WT
WT_MNU_1_HT4,NK_cell,NK_cell_WT_MNU_1_HT4,treated,WT
WT_MNU_1_HT5,NK_cell,NK_cell_WT_MNU_1_HT5,treated,WT
WT_MNU_2_HT1,NK_cell,NK_cell_WT_MNU_2_HT1,treated,WT
WT_MNU_2_HT3,NK_cell,NK_cell_WT_MNU_2_HT3,treated,WT
WT_MNU_2_HT4,NK_cell,NK_cell_WT_MNU_2_HT4,treated,WT
WT_MNU_2_HT5,NK_cell,NK_cell_WT_MNU_2_HT5,treated,WT
KO_HT1,Plasma,Plasma_KO_HT1,untreated,KO
KO_HT2,Plasma,Plasma_KO_HT2,untreated,KO
KO_HT3,Plasma,Plasma_KO_HT3,untreated,KO
KO_HT4,Plasma,Plasma_KO_HT4,untreated,KO
KO_MNU_1_HT1,Plasma,Plasma_KO_MNU_1_HT1,treated,KO
KO_MNU_1_HT2,Plasma,Plasma_KO_MNU_1_HT2,treated,KO
KO_MNU_1_HT3,Plasma,Plasma_KO_MNU_1_HT3,treated,KO
KO_MNU_1_HT4,Plasma,Plasma_KO_MNU_1_HT4,treated,KO
KO_MNU_2_HT1,Plasma,Plasma_KO_MNU_2_HT1,treated,KO
KO_MNU_2_HT2,Plasma,Plasma_KO_MNU_2_HT2,treated,KO
KO_MNU_2_HT3,Plasma,Plasma_KO_MNU_2_HT3,treated,KO
KO_MNU_2_HT4,Plasma,Plasma_KO_MNU_2_HT4,treated,KO
WT_HT1,Plasma,Plasma_WT_HT1,untreated,WT
WT_HT2,Plasma,Plasma_WT_HT2,untreated,WT
WT_HT3,Plasma,Plasma_WT_HT3,untreated,WT
WT_HT4,Plasma,Plasma_WT_HT4,untreated,WT
WT_MNU_1_HT1,Plasma,Plasma_WT_MNU_1_HT1,treated,WT
WT_MNU_1_HT3,Plasma,Plasma_WT_MNU_1_HT3,treated,WT
WT_MNU_1_HT4,Plasma,Plasma_WT_MNU_1_HT4,treated,WT
WT_MNU_1_HT5,Plasma,Plasma_WT_MNU_1_HT5,treated,WT
WT_MNU_2_HT1,Plasma,Plasma_WT_MNU_2_HT1,treated,WT
WT_MNU_2_HT3,Plasma,Plasma_WT_MNU_2_HT3,treated,WT
WT_MNU_2_HT4,Plasma,Plasma_WT_MNU_2_HT4,treated,WT
WT_MNU_2_HT5,Plasma,Plasma_WT_MNU_2_HT5,treated,WT
KO_HT1,Pre_DC2s._DC2s._proDC3s._DC3s,Pre_DC2s._DC2s._proDC3s._DC3s_KO_HT1,untreated,KO
KO_HT2,Pre_DC2s._DC2s._proDC3s._DC3s,Pre_DC2s._DC2s._proDC3s._DC3s_KO_HT2,untreated,KO
KO_HT3,Pre_DC2s._DC2s._proDC3s._DC3s,Pre_DC2s._DC2s._proDC3s._DC3s_KO_HT3,untreated,KO
KO_HT4,Pre_DC2s._DC2s._proDC3s._DC3s,Pre_DC2s._DC2s._proDC3s._DC3s_KO_HT4,untreated,KO
KO_MNU_1_HT1,Pre_DC2s._DC2s._proDC3s._DC3s,Pre_DC2s._DC2s._proDC3s._DC3s_KO_MNU_1_HT1,treated,KO
KO_MNU_1_HT2,Pre_DC2s._DC2s._proDC3s._DC3s,Pre_DC2s._DC2s._proDC3s._DC3s_KO_MNU_1_HT2,treated,KO
KO_MNU_1_HT3,Pre_DC2s._DC2s._proDC3s._DC3s,Pre_DC2s._DC2s._proDC3s._DC3s_KO_MNU_1_HT3,treated,KO
KO_MNU_1_HT4,Pre_DC2s._DC2s._proDC3s._DC3s,Pre_DC2s._DC2s._proDC3s._DC3s_KO_MNU_1_HT4,treated,KO
KO_MNU_2_HT1,Pre_DC2s._DC2s._proDC3s._DC3s,Pre_DC2s._DC2s._proDC3s._DC3s_KO_MNU_2_HT1,treated,KO
KO_MNU_2_HT2,Pre_DC2s._DC2s._proDC3s._DC3s,Pre_DC2s._DC2s._proDC3s._DC3s_KO_MNU_2_HT2,treated,KO
KO_MNU_2_HT3,Pre_DC2s._DC2s._proDC3s._DC3s,Pre_DC2s._DC2s._proDC3s._DC3s_KO_MNU_2_HT3,treated,KO
KO_MNU_2_HT4,Pre_DC2s._DC2s._proDC3s._DC3s,Pre_DC2s._DC2s._proDC3s._DC3s_KO_MNU_2_HT4,treated,KO
WT_HT1,Pre_DC2s._DC2s._proDC3s._DC3s,Pre_DC2s._DC2s._proDC3s._DC3s_WT_HT1,untreated,WT
WT_HT2,Pre_DC2s._DC2s._proDC3s._DC3s,Pre_DC2s._DC2s._proDC3s._DC3s_WT_HT2,untreated,WT
WT_HT3,Pre_DC2s._DC2s._proDC3s._DC3s,Pre_DC2s._DC2s._proDC3s._DC3s_WT_HT3,untreated,WT
WT_HT4,Pre_DC2s._DC2s._proDC3s._DC3s,Pre_DC2s._DC2s._proDC3s._DC3s_WT_HT4,untreated,WT
WT_MNU_1_HT1,Pre_DC2s._DC2s._proDC3s._DC3s,Pre_DC2s._DC2s._proDC3s._DC3s_WT_MNU_1_HT1,treated,WT
WT_MNU_1_HT3,Pre_DC2s._DC2s._proDC3s._DC3s,Pre_DC2s._DC2s._proDC3s._DC3s_WT_MNU_1_HT3,treated,WT
WT_MNU_1_HT4,Pre_DC2s._DC2s._proDC3s._DC3s,Pre_DC2s._DC2s._proDC3s._DC3s_WT_MNU_1_HT4,treated,WT
WT_MNU_1_HT5,Pre_DC2s._DC2s._proDC3s._DC3s,Pre_DC2s._DC2s._proDC3s._DC3s_WT_MNU_1_HT5,treated,WT
WT_MNU_2_HT1,Pre_DC2s._DC2s._proDC3s._DC3s,Pre_DC2s._DC2s._proDC3s._DC3s_WT_MNU_2_HT1,treated,WT
WT_MNU_2_HT3,Pre_DC2s._DC2s._proDC3s._DC3s,Pre_DC2s._DC2s._proDC3s._DC3s_WT_MNU_2_HT3,treated,WT
WT_MNU_2_HT4,Pre_DC2s._DC2s._proDC3s._DC3s,Pre_DC2s._DC2s._proDC3s._DC3s_WT_MNU_2_HT4,treated,WT
WT_MNU_2_HT5,Pre_DC2s._DC2s._proDC3s._DC3s,Pre_DC2s._DC2s._proDC3s._DC3s_WT_MNU_2_HT5,treated,WT
KO_HT1,Treg__Regulatory_T__cell,Treg__Regulatory_T__cell_KO_HT1,untreated,KO
KO_HT2,Treg__Regulatory_T__cell,Treg__Regulatory_T__cell_KO_HT2,untreated,KO
KO_HT3,Treg__Regulatory_T__cell,Treg__Regulatory_T__cell_KO_HT3,untreated,KO
KO_HT4,Treg__Regulatory_T__cell,Treg__Regulatory_T__cell_KO_HT4,untreated,KO
KO_MNU_1_HT1,Treg__Regulatory_T__cell,Treg__Regulatory_T__cell_KO_MNU_1_HT1,treated,KO
KO_MNU_1_HT2,Treg__Regulatory_T__cell,Treg__Regulatory_T__cell_KO_MNU_1_HT2,treated,KO
KO_MNU_1_HT3,Treg__Regulatory_T__cell,Treg__Regulatory_T__cell_KO_MNU_1_HT3,treated,KO
KO_MNU_1_HT4,Treg__Regulatory_T__cell,Treg__Regulatory_T__cell_KO_MNU_1_HT4,treated,KO
KO_MNU_2_HT1,Treg__Regulatory_T__cell,Treg__Regulatory_T__cell_KO_MNU_2_HT1,treated,KO
KO_MNU_2_HT2,Treg__Regulatory_T__cell,Treg__Regulatory_T__cell_KO_MNU_2_HT2,treated,KO
KO_MNU_2_HT3,Treg__Regulatory_T__cell,Treg__Regulatory_T__cell_KO_MNU_2_HT3,treated,KO
KO_MNU_2_HT4,Treg__Regulatory_T__cell,Treg__Regulatory_T__cell_KO_MNU_2_HT4,treated,KO
WT_HT1,Treg__Regulatory_T__cell,Treg__Regulatory_T__cell_WT_HT1,untreated,WT
WT_HT2,Treg__Regulatory_T__cell,Treg__Regulatory_T__cell_WT_HT2,untreated,WT
WT_HT3,Treg__Regulatory_T__cell,Treg__Regulatory_T__cell_WT_HT3,untreated,WT
WT_HT4,Treg__Regulatory_T__cell,Treg__Regulatory_T__cell_WT_HT4,untreated,WT
WT_MNU_1_HT1,Treg__Regulatory_T__cell,Treg__Regulatory_T__cell_WT_MNU_1_HT1,treated,WT
WT_MNU_1_HT3,Treg__Regulatory_T__cell,Treg__Regulatory_T__cell_WT_MNU_1_HT3,treated,WT
WT_MNU_1_HT4,Treg__Regulatory_T__cell,Treg__Regulatory_T__cell_WT_MNU_1_HT4,treated,WT
WT_MNU_1_HT5,Treg__Regulatory_T__cell,Treg__Regulatory_T__cell_WT_MNU_1_HT5,treated,WT
WT_MNU_2_HT1,Treg__Regulatory_T__cell,Treg__Regulatory_T__cell_WT_MNU_2_HT1,treated,WT
WT_MNU_2_HT3,Treg__Regulatory_T__cell,Treg__Regulatory_T__cell_WT_MNU_2_HT3,treated,WT
WT_MNU_2_HT4,Treg__Regulatory_T__cell,Treg__Regulatory_T__cell_WT_MNU_2_HT4,treated,WT
WT_MNU_2_HT5,Treg__Regulatory_T__cell,Treg__Regulatory_T__cell_WT_MNU_2_HT5,treated,WT
