"Annotation_of_cell_types_real_sample","real_sample","Annotation_of_cell_types","Condition","Genotype"
"B_cells_KO_HT1","KO_HT1","B_cells","untreated","KO"
"B_cells_KO_HT2","KO_HT2","B_cells","untreated","KO"
"B_cells_KO_HT3","KO_HT3","B_cells","untreated","KO"
"B_cells_KO_HT4","KO_HT4","B_cells","untreated","KO"
"B_cells_KO_MNU_1_HT1","KO_MNU_1_HT1","B_cells","treated","KO"
"B_cells_KO_MNU_1_HT2","KO_MNU_1_HT2","B_cells","treated","KO"
"B_cells_KO_MNU_1_HT3","KO_MNU_1_HT3","B_cells","treated","KO"
"B_cells_KO_MNU_1_HT4","KO_MNU_1_HT4","B_cells","treated","KO"
"B_cells_KO_MNU_2_HT1","KO_MNU_2_HT1","B_cells","treated","KO"
"B_cells_KO_MNU_2_HT2","KO_MNU_2_HT2","B_cells","treated","KO"
"B_cells_KO_MNU_2_HT3","KO_MNU_2_HT3","B_cells","treated","KO"
"B_cells_KO_MNU_2_HT4","KO_MNU_2_HT4","B_cells","treated","KO"
"B_cells_WT_HT1","WT_HT1","B_cells","untreated","WT"
"B_cells_WT_HT2","WT_HT2","B_cells","untreated","WT"
"B_cells_WT_HT3","WT_HT3","B_cells","untreated","WT"
"B_cells_WT_HT4","WT_HT4","B_cells","untreated","WT"
"B_cells_WT_MNU_1_HT1","WT_MNU_1_HT1","B_cells","treated","WT"
"B_cells_WT_MNU_1_HT3","WT_MNU_1_HT3","B_cells","treated","WT"
"B_cells_WT_MNU_1_HT4","WT_MNU_1_HT4","B_cells","treated","WT"
"B_cells_WT_MNU_1_HT5","WT_MNU_1_HT5","B_cells","treated","WT"
"B_cells_WT_MNU_2_HT1","WT_MNU_2_HT1","B_cells","treated","WT"
"B_cells_WT_MNU_2_HT3","WT_MNU_2_HT3","B_cells","treated","WT"
"B_cells_WT_MNU_2_HT4","WT_MNU_2_HT4","B_cells","treated","WT"
"B_cells_WT_MNU_2_HT5","WT_MNU_2_HT5","B_cells","treated","WT"
"CCR7_and_DCs_KO_HT1","KO_HT1","CCR7_and_DCs","untreated","KO"
"CCR7_and_DCs_KO_HT2","KO_HT2","CCR7_and_DCs","untreated","KO"
"CCR7_and_DCs_KO_HT3","KO_HT3","CCR7_and_DCs","untreated","KO"
"CCR7_and_DCs_KO_HT4","KO_HT4","CCR7_and_DCs","untreated","KO"
"CCR7_and_DCs_KO_MNU_1_HT1","KO_MNU_1_HT1","CCR7_and_DCs","treated","KO"
"CCR7_and_DCs_KO_MNU_1_HT2","KO_MNU_1_HT2","CCR7_and_DCs","treated","KO"
"CCR7_and_DCs_KO_MNU_1_HT3","KO_MNU_1_HT3","CCR7_and_DCs","treated","KO"
"CCR7_and_DCs_KO_MNU_1_HT4","KO_MNU_1_HT4","CCR7_and_DCs","treated","KO"
"CCR7_and_DCs_KO_MNU_2_HT1","KO_MNU_2_HT1","CCR7_and_DCs","treated","KO"
"CCR7_and_DCs_KO_MNU_2_HT2","KO_MNU_2_HT2","CCR7_and_DCs","treated","KO"
"CCR7_and_DCs_KO_MNU_2_HT3","KO_MNU_2_HT3","CCR7_and_DCs","treated","KO"
"CCR7_and_DCs_KO_MNU_2_HT4","KO_MNU_2_HT4","CCR7_and_DCs","treated","KO"
"CCR7_and_DCs_WT_HT1","WT_HT1","CCR7_and_DCs","untreated","WT"
"CCR7_and_DCs_WT_HT2","WT_HT2","CCR7_and_DCs","untreated","WT"
"CCR7_and_DCs_WT_HT3","WT_HT3","CCR7_and_DCs","untreated","WT"
"CCR7_and_DCs_WT_HT4","WT_HT4","CCR7_and_DCs","untreated","WT"
"CCR7_and_DCs_WT_MNU_1_HT1","WT_MNU_1_HT1","CCR7_and_DCs","treated","WT"
"CCR7_and_DCs_WT_MNU_1_HT3","WT_MNU_1_HT3","CCR7_and_DCs","treated","WT"
"CCR7_and_DCs_WT_MNU_1_HT4","WT_MNU_1_HT4","CCR7_and_DCs","treated","WT"
"CCR7_and_DCs_WT_MNU_1_HT5","WT_MNU_1_HT5","CCR7_and_DCs","treated","WT"
"CCR7_and_DCs_WT_MNU_2_HT1","WT_MNU_2_HT1","CCR7_and_DCs","treated","WT"
"CCR7_and_DCs_WT_MNU_2_HT3","WT_MNU_2_HT3","CCR7_and_DCs","treated","WT"
"CCR7_and_DCs_WT_MNU_2_HT4","WT_MNU_2_HT4","CCR7_and_DCs","treated","WT"
"CCR7_and_DCs_WT_MNU_2_HT5","WT_MNU_2_HT5","CCR7_and_DCs","treated","WT"
"CD4_or_CD8_KO_HT1","KO_HT1","CD4_or_CD8","untreated","KO"
"CD4_or_CD8_KO_HT2","KO_HT2","CD4_or_CD8","untreated","KO"
"CD4_or_CD8_KO_HT3","KO_HT3","CD4_or_CD8","untreated","KO"
"CD4_or_CD8_KO_HT4","KO_HT4","CD4_or_CD8","untreated","KO"
"CD4_or_CD8_KO_MNU_1_HT1","KO_MNU_1_HT1","CD4_or_CD8","treated","KO"
"CD4_or_CD8_KO_MNU_1_HT2","KO_MNU_1_HT2","CD4_or_CD8","treated","KO"
"CD4_or_CD8_KO_MNU_1_HT3","KO_MNU_1_HT3","CD4_or_CD8","treated","KO"
"CD4_or_CD8_KO_MNU_1_HT4","KO_MNU_1_HT4","CD4_or_CD8","treated","KO"
"CD4_or_CD8_KO_MNU_2_HT1","KO_MNU_2_HT1","CD4_or_CD8","treated","KO"
"CD4_or_CD8_KO_MNU_2_HT2","KO_MNU_2_HT2","CD4_or_CD8","treated","KO"
"CD4_or_CD8_KO_MNU_2_HT3","KO_MNU_2_HT3","CD4_or_CD8","treated","KO"
"CD4_or_CD8_KO_MNU_2_HT4","KO_MNU_2_HT4","CD4_or_CD8","treated","KO"
"CD4_or_CD8_WT_HT1","WT_HT1","CD4_or_CD8","untreated","WT"
"CD4_or_CD8_WT_HT2","WT_HT2","CD4_or_CD8","untreated","WT"
"CD4_or_CD8_WT_HT3","WT_HT3","CD4_or_CD8","untreated","WT"
"CD4_or_CD8_WT_HT4","WT_HT4","CD4_or_CD8","untreated","WT"
"CD4_or_CD8_WT_MNU_1_HT1","WT_MNU_1_HT1","CD4_or_CD8","treated","WT"
"CD4_or_CD8_WT_MNU_1_HT3","WT_MNU_1_HT3","CD4_or_CD8","treated","WT"
"CD4_or_CD8_WT_MNU_1_HT4","WT_MNU_1_HT4","CD4_or_CD8","treated","WT"
"CD4_or_CD8_WT_MNU_1_HT5","WT_MNU_1_HT5","CD4_or_CD8","treated","WT"
"CD4_or_CD8_WT_MNU_2_HT1","WT_MNU_2_HT1","CD4_or_CD8","treated","WT"
"CD4_or_CD8_WT_MNU_2_HT3","WT_MNU_2_HT3","CD4_or_CD8","treated","WT"
"CD4_or_CD8_WT_MNU_2_HT4","WT_MNU_2_HT4","CD4_or_CD8","treated","WT"
"CD4_or_CD8_WT_MNU_2_HT5","WT_MNU_2_HT5","CD4_or_CD8","treated","WT"
"DC1_KO_HT1","KO_HT1","DC1","untreated","KO"
"DC1_KO_HT2","KO_HT2","DC1","untreated","KO"
"DC1_KO_HT3","KO_HT3","DC1","untreated","KO"
"DC1_KO_HT4","KO_HT4","DC1","untreated","KO"
"DC1_KO_MNU_1_HT1","KO_MNU_1_HT1","DC1","treated","KO"
"DC1_KO_MNU_1_HT2","KO_MNU_1_HT2","DC1","treated","KO"
"DC1_KO_MNU_1_HT3","KO_MNU_1_HT3","DC1","treated","KO"
"DC1_KO_MNU_1_HT4","KO_MNU_1_HT4","DC1","treated","KO"
"DC1_KO_MNU_2_HT1","KO_MNU_2_HT1","DC1","treated","KO"
"DC1_KO_MNU_2_HT2","KO_MNU_2_HT2","DC1","treated","KO"
"DC1_KO_MNU_2_HT3","KO_MNU_2_HT3","DC1","treated","KO"
"DC1_KO_MNU_2_HT4","KO_MNU_2_HT4","DC1","treated","KO"
"DC1_WT_HT1","WT_HT1","DC1","untreated","WT"
"DC1_WT_HT2","WT_HT2","DC1","untreated","WT"
"DC1_WT_HT3","WT_HT3","DC1","untreated","WT"
"DC1_WT_HT4","WT_HT4","DC1","untreated","WT"
"DC1_WT_MNU_1_HT1","WT_MNU_1_HT1","DC1","treated","WT"
"DC1_WT_MNU_1_HT3","WT_MNU_1_HT3","DC1","treated","WT"
"DC1_WT_MNU_1_HT4","WT_MNU_1_HT4","DC1","treated","WT"
"DC1_WT_MNU_1_HT5","WT_MNU_1_HT5","DC1","treated","WT"
"DC1_WT_MNU_2_HT1","WT_MNU_2_HT1","DC1","treated","WT"
"DC1_WT_MNU_2_HT3","WT_MNU_2_HT3","DC1","treated","WT"
"DC1_WT_MNU_2_HT4","WT_MNU_2_HT4","DC1","treated","WT"
"DC1_WT_MNU_2_HT5","WT_MNU_2_HT5","DC1","treated","WT"
"endothelial_cells_and_stromal_cells_KO_HT1","KO_HT1","endothelial_cells_and_stromal_cells","untreated","KO"
"endothelial_cells_and_stromal_cells_KO_HT2","KO_HT2","endothelial_cells_and_stromal_cells","untreated","KO"
"endothelial_cells_and_stromal_cells_KO_HT3","KO_HT3","endothelial_cells_and_stromal_cells","untreated","KO"
"endothelial_cells_and_stromal_cells_KO_HT4","KO_HT4","endothelial_cells_and_stromal_cells","untreated","KO"
"endothelial_cells_and_stromal_cells_KO_MNU_1_HT1","KO_MNU_1_HT1","endothelial_cells_and_stromal_cells","treated","KO"
"endothelial_cells_and_stromal_cells_KO_MNU_1_HT2","KO_MNU_1_HT2","endothelial_cells_and_stromal_cells","treated","KO"
"endothelial_cells_and_stromal_cells_KO_MNU_1_HT3","KO_MNU_1_HT3","endothelial_cells_and_stromal_cells","treated","KO"
"endothelial_cells_and_stromal_cells_KO_MNU_1_HT4","KO_MNU_1_HT4","endothelial_cells_and_stromal_cells","treated","KO"
"endothelial_cells_and_stromal_cells_KO_MNU_2_HT1","KO_MNU_2_HT1","endothelial_cells_and_stromal_cells","treated","KO"
"endothelial_cells_and_stromal_cells_KO_MNU_2_HT2","KO_MNU_2_HT2","endothelial_cells_and_stromal_cells","treated","KO"
"endothelial_cells_and_stromal_cells_KO_MNU_2_HT3","KO_MNU_2_HT3","endothelial_cells_and_stromal_cells","treated","KO"
"endothelial_cells_and_stromal_cells_KO_MNU_2_HT4","KO_MNU_2_HT4","endothelial_cells_and_stromal_cells","treated","KO"
"endothelial_cells_and_stromal_cells_WT_HT1","WT_HT1","endothelial_cells_and_stromal_cells","untreated","WT"
"endothelial_cells_and_stromal_cells_WT_HT2","WT_HT2","endothelial_cells_and_stromal_cells","untreated","WT"
"endothelial_cells_and_stromal_cells_WT_HT3","WT_HT3","endothelial_cells_and_stromal_cells","untreated","WT"
"endothelial_cells_and_stromal_cells_WT_HT4","WT_HT4","endothelial_cells_and_stromal_cells","untreated","WT"
"endothelial_cells_and_stromal_cells_WT_MNU_1_HT1","WT_MNU_1_HT1","endothelial_cells_and_stromal_cells","treated","WT"
"endothelial_cells_and_stromal_cells_WT_MNU_1_HT3","WT_MNU_1_HT3","endothelial_cells_and_stromal_cells","treated","WT"
"endothelial_cells_and_stromal_cells_WT_MNU_1_HT4","WT_MNU_1_HT4","endothelial_cells_and_stromal_cells","treated","WT"
"endothelial_cells_and_stromal_cells_WT_MNU_1_HT5","WT_MNU_1_HT5","endothelial_cells_and_stromal_cells","treated","WT"
"endothelial_cells_and_stromal_cells_WT_MNU_2_HT1","WT_MNU_2_HT1","endothelial_cells_and_stromal_cells","treated","WT"
"endothelial_cells_and_stromal_cells_WT_MNU_2_HT3","WT_MNU_2_HT3","endothelial_cells_and_stromal_cells","treated","WT"
"endothelial_cells_and_stromal_cells_WT_MNU_2_HT4","WT_MNU_2_HT4","endothelial_cells_and_stromal_cells","treated","WT"
"endothelial_cells_and_stromal_cells_WT_MNU_2_HT5","WT_MNU_2_HT5","endothelial_cells_and_stromal_cells","treated","WT"
"gamma_delta_T_cells_KO_HT1","KO_HT1","gamma_delta_T_cells","untreated","KO"
"gamma_delta_T_cells_KO_HT2","KO_HT2","gamma_delta_T_cells","untreated","KO"
"gamma_delta_T_cells_KO_HT3","KO_HT3","gamma_delta_T_cells","untreated","KO"
"gamma_delta_T_cells_KO_HT4","KO_HT4","gamma_delta_T_cells","untreated","KO"
"gamma_delta_T_cells_KO_MNU_1_HT1","KO_MNU_1_HT1","gamma_delta_T_cells","treated","KO"
"gamma_delta_T_cells_KO_MNU_1_HT2","KO_MNU_1_HT2","gamma_delta_T_cells","treated","KO"
"gamma_delta_T_cells_KO_MNU_1_HT3","KO_MNU_1_HT3","gamma_delta_T_cells","treated","KO"
"gamma_delta_T_cells_KO_MNU_1_HT4","KO_MNU_1_HT4","gamma_delta_T_cells","treated","KO"
"gamma_delta_T_cells_KO_MNU_2_HT1","KO_MNU_2_HT1","gamma_delta_T_cells","treated","KO"
"gamma_delta_T_cells_KO_MNU_2_HT2","KO_MNU_2_HT2","gamma_delta_T_cells","treated","KO"
"gamma_delta_T_cells_KO_MNU_2_HT3","KO_MNU_2_HT3","gamma_delta_T_cells","treated","KO"
"gamma_delta_T_cells_KO_MNU_2_HT4","KO_MNU_2_HT4","gamma_delta_T_cells","treated","KO"
"gamma_delta_T_cells_WT_HT1","WT_HT1","gamma_delta_T_cells","untreated","WT"
"gamma_delta_T_cells_WT_HT2","WT_HT2","gamma_delta_T_cells","untreated","WT"
"gamma_delta_T_cells_WT_HT3","WT_HT3","gamma_delta_T_cells","untreated","WT"
"gamma_delta_T_cells_WT_HT4","WT_HT4","gamma_delta_T_cells","untreated","WT"
"gamma_delta_T_cells_WT_MNU_1_HT1","WT_MNU_1_HT1","gamma_delta_T_cells","treated","WT"
"gamma_delta_T_cells_WT_MNU_1_HT3","WT_MNU_1_HT3","gamma_delta_T_cells","treated","WT"
"gamma_delta_T_cells_WT_MNU_1_HT4","WT_MNU_1_HT4","gamma_delta_T_cells","treated","WT"
"gamma_delta_T_cells_WT_MNU_1_HT5","WT_MNU_1_HT5","gamma_delta_T_cells","treated","WT"
"gamma_delta_T_cells_WT_MNU_2_HT1","WT_MNU_2_HT1","gamma_delta_T_cells","treated","WT"
"gamma_delta_T_cells_WT_MNU_2_HT3","WT_MNU_2_HT3","gamma_delta_T_cells","treated","WT"
"gamma_delta_T_cells_WT_MNU_2_HT4","WT_MNU_2_HT4","gamma_delta_T_cells","treated","WT"
"gamma_delta_T_cells_WT_MNU_2_HT5","WT_MNU_2_HT5","gamma_delta_T_cells","treated","WT"
"ILC2_KO_HT1","KO_HT1","ILC2","untreated","KO"
"ILC2_KO_HT2","KO_HT2","ILC2","untreated","KO"
"ILC2_KO_HT3","KO_HT3","ILC2","untreated","KO"
"ILC2_KO_HT4","KO_HT4","ILC2","untreated","KO"
"ILC2_KO_MNU_1_HT1","KO_MNU_1_HT1","ILC2","treated","KO"
"ILC2_KO_MNU_1_HT2","KO_MNU_1_HT2","ILC2","treated","KO"
"ILC2_KO_MNU_1_HT3","KO_MNU_1_HT3","ILC2","treated","KO"
"ILC2_KO_MNU_1_HT4","KO_MNU_1_HT4","ILC2","treated","KO"
"ILC2_KO_MNU_2_HT1","KO_MNU_2_HT1","ILC2","treated","KO"
"ILC2_KO_MNU_2_HT2","KO_MNU_2_HT2","ILC2","treated","KO"
"ILC2_KO_MNU_2_HT3","KO_MNU_2_HT3","ILC2","treated","KO"
"ILC2_KO_MNU_2_HT4","KO_MNU_2_HT4","ILC2","treated","KO"
"ILC2_WT_HT1","WT_HT1","ILC2","untreated","WT"
"ILC2_WT_HT2","WT_HT2","ILC2","untreated","WT"
"ILC2_WT_HT3","WT_HT3","ILC2","untreated","WT"
"ILC2_WT_HT4","WT_HT4","ILC2","untreated","WT"
"ILC2_WT_MNU_1_HT1","WT_MNU_1_HT1","ILC2","treated","WT"
"ILC2_WT_MNU_1_HT3","WT_MNU_1_HT3","ILC2","treated","WT"
"ILC2_WT_MNU_1_HT4","WT_MNU_1_HT4","ILC2","treated","WT"
"ILC2_WT_MNU_1_HT5","WT_MNU_1_HT5","ILC2","treated","WT"
"ILC2_WT_MNU_2_HT1","WT_MNU_2_HT1","ILC2","treated","WT"
"ILC2_WT_MNU_2_HT3","WT_MNU_2_HT3","ILC2","treated","WT"
"ILC2_WT_MNU_2_HT4","WT_MNU_2_HT4","ILC2","treated","WT"
"ILC2_WT_MNU_2_HT5","WT_MNU_2_HT5","ILC2","treated","WT"
"Macrophage_KO_HT1","KO_HT1","Macrophage","untreated","KO"
"Macrophage_KO_HT2","KO_HT2","Macrophage","untreated","KO"
"Macrophage_KO_HT3","KO_HT3","Macrophage","untreated","KO"
"Macrophage_KO_HT4","KO_HT4","Macrophage","untreated","KO"
"Macrophage_KO_MNU_1_HT1","KO_MNU_1_HT1","Macrophage","treated","KO"
"Macrophage_KO_MNU_1_HT2","KO_MNU_1_HT2","Macrophage","treated","KO"
"Macrophage_KO_MNU_1_HT3","KO_MNU_1_HT3","Macrophage","treated","KO"
"Macrophage_KO_MNU_1_HT4","KO_MNU_1_HT4","Macrophage","treated","KO"
"Macrophage_KO_MNU_2_HT1","KO_MNU_2_HT1","Macrophage","treated","KO"
"Macrophage_KO_MNU_2_HT2","KO_MNU_2_HT2","Macrophage","treated","KO"
"Macrophage_KO_MNU_2_HT3","KO_MNU_2_HT3","Macrophage","treated","KO"
"Macrophage_KO_MNU_2_HT4","KO_MNU_2_HT4","Macrophage","treated","KO"
"Macrophage_WT_HT1","WT_HT1","Macrophage","untreated","WT"
"Macrophage_WT_HT2","WT_HT2","Macrophage","untreated","WT"
"Macrophage_WT_HT3","WT_HT3","Macrophage","untreated","WT"
"Macrophage_WT_HT4","WT_HT4","Macrophage","untreated","WT"
"Macrophage_WT_MNU_1_HT1","WT_MNU_1_HT1","Macrophage","treated","WT"
"Macrophage_WT_MNU_1_HT3","WT_MNU_1_HT3","Macrophage","treated","WT"
"Macrophage_WT_MNU_1_HT4","WT_MNU_1_HT4","Macrophage","treated","WT"
"Macrophage_WT_MNU_1_HT5","WT_MNU_1_HT5","Macrophage","treated","WT"
"Macrophage_WT_MNU_2_HT1","WT_MNU_2_HT1","Macrophage","treated","WT"
"Macrophage_WT_MNU_2_HT3","WT_MNU_2_HT3","Macrophage","treated","WT"
"Macrophage_WT_MNU_2_HT4","WT_MNU_2_HT4","Macrophage","treated","WT"
"Macrophage_WT_MNU_2_HT5","WT_MNU_2_HT5","Macrophage","treated","WT"
"Mast_cells_KO_HT1","KO_HT1","Mast_cells","untreated","KO"
"Mast_cells_KO_HT2","KO_HT2","Mast_cells","untreated","KO"
"Mast_cells_KO_HT3","KO_HT3","Mast_cells","untreated","KO"
"Mast_cells_KO_HT4","KO_HT4","Mast_cells","untreated","KO"
"Mast_cells_KO_MNU_1_HT1","KO_MNU_1_HT1","Mast_cells","treated","KO"
"Mast_cells_KO_MNU_1_HT2","KO_MNU_1_HT2","Mast_cells","treated","KO"
"Mast_cells_KO_MNU_1_HT3","KO_MNU_1_HT3","Mast_cells","treated","KO"
"Mast_cells_KO_MNU_1_HT4","KO_MNU_1_HT4","Mast_cells","treated","KO"
"Mast_cells_KO_MNU_2_HT1","KO_MNU_2_HT1","Mast_cells","treated","KO"
"Mast_cells_KO_MNU_2_HT2","KO_MNU_2_HT2","Mast_cells","treated","KO"
"Mast_cells_KO_MNU_2_HT3","KO_MNU_2_HT3","Mast_cells","treated","KO"
"Mast_cells_KO_MNU_2_HT4","KO_MNU_2_HT4","Mast_cells","treated","KO"
"Mast_cells_WT_HT1","WT_HT1","Mast_cells","untreated","WT"
"Mast_cells_WT_HT2","WT_HT2","Mast_cells","untreated","WT"
"Mast_cells_WT_HT3","WT_HT3","Mast_cells","untreated","WT"
"Mast_cells_WT_HT4","WT_HT4","Mast_cells","untreated","WT"
"Mast_cells_WT_MNU_1_HT1","WT_MNU_1_HT1","Mast_cells","treated","WT"
"Mast_cells_WT_MNU_1_HT3","WT_MNU_1_HT3","Mast_cells","treated","WT"
"Mast_cells_WT_MNU_1_HT4","WT_MNU_1_HT4","Mast_cells","treated","WT"
"Mast_cells_WT_MNU_1_HT5","WT_MNU_1_HT5","Mast_cells","treated","WT"
"Mast_cells_WT_MNU_2_HT1","WT_MNU_2_HT1","Mast_cells","treated","WT"
"Mast_cells_WT_MNU_2_HT3","WT_MNU_2_HT3","Mast_cells","treated","WT"
"Mast_cells_WT_MNU_2_HT4","WT_MNU_2_HT4","Mast_cells","treated","WT"
"Mast_cells_WT_MNU_2_HT5","WT_MNU_2_HT5","Mast_cells","treated","WT"
"Mast_cells_2_KO_HT1","KO_HT1","Mast_cells_2","untreated","KO"
"Mast_cells_2_KO_HT2","KO_HT2","Mast_cells_2","untreated","KO"
"Mast_cells_2_KO_HT3","KO_HT3","Mast_cells_2","untreated","KO"
"Mast_cells_2_KO_HT4","KO_HT4","Mast_cells_2","untreated","KO"
"Mast_cells_2_KO_MNU_1_HT1","KO_MNU_1_HT1","Mast_cells_2","treated","KO"
"Mast_cells_2_KO_MNU_1_HT2","KO_MNU_1_HT2","Mast_cells_2","treated","KO"
"Mast_cells_2_KO_MNU_1_HT3","KO_MNU_1_HT3","Mast_cells_2","treated","KO"
"Mast_cells_2_KO_MNU_1_HT4","KO_MNU_1_HT4","Mast_cells_2","treated","KO"
"Mast_cells_2_KO_MNU_2_HT1","KO_MNU_2_HT1","Mast_cells_2","treated","KO"
"Mast_cells_2_KO_MNU_2_HT2","KO_MNU_2_HT2","Mast_cells_2","treated","KO"
"Mast_cells_2_KO_MNU_2_HT3","KO_MNU_2_HT3","Mast_cells_2","treated","KO"
"Mast_cells_2_KO_MNU_2_HT4","KO_MNU_2_HT4","Mast_cells_2","treated","KO"
"Mast_cells_2_WT_HT1","WT_HT1","Mast_cells_2","untreated","WT"
"Mast_cells_2_WT_HT2","WT_HT2","Mast_cells_2","untreated","WT"
"Mast_cells_2_WT_HT3","WT_HT3","Mast_cells_2","untreated","WT"
"Mast_cells_2_WT_HT4","WT_HT4","Mast_cells_2","untreated","WT"
"Mast_cells_2_WT_MNU_1_HT1","WT_MNU_1_HT1","Mast_cells_2","treated","WT"
"Mast_cells_2_WT_MNU_1_HT3","WT_MNU_1_HT3","Mast_cells_2","treated","WT"
"Mast_cells_2_WT_MNU_1_HT4","WT_MNU_1_HT4","Mast_cells_2","treated","WT"
"Mast_cells_2_WT_MNU_1_HT5","WT_MNU_1_HT5","Mast_cells_2","treated","WT"
"Mast_cells_2_WT_MNU_2_HT1","WT_MNU_2_HT1","Mast_cells_2","treated","WT"
"Mast_cells_2_WT_MNU_2_HT3","WT_MNU_2_HT3","Mast_cells_2","treated","WT"
"Mast_cells_2_WT_MNU_2_HT4","WT_MNU_2_HT4","Mast_cells_2","treated","WT"
"Mast_cells_2_WT_MNU_2_HT5","WT_MNU_2_HT5","Mast_cells_2","treated","WT"
"Monocyte_KO_HT1","KO_HT1","Monocyte","untreated","KO"
"Monocyte_KO_HT2","KO_HT2","Monocyte","untreated","KO"
"Monocyte_KO_HT3","KO_HT3","Monocyte","untreated","KO"
"Monocyte_KO_HT4","KO_HT4","Monocyte","untreated","KO"
"Monocyte_KO_MNU_1_HT1","KO_MNU_1_HT1","Monocyte","treated","KO"
"Monocyte_KO_MNU_1_HT2","KO_MNU_1_HT2","Monocyte","treated","KO"
"Monocyte_KO_MNU_1_HT3","KO_MNU_1_HT3","Monocyte","treated","KO"
"Monocyte_KO_MNU_1_HT4","KO_MNU_1_HT4","Monocyte","treated","KO"
"Monocyte_KO_MNU_2_HT1","KO_MNU_2_HT1","Monocyte","treated","KO"
"Monocyte_KO_MNU_2_HT2","KO_MNU_2_HT2","Monocyte","treated","KO"
"Monocyte_KO_MNU_2_HT3","KO_MNU_2_HT3","Monocyte","treated","KO"
"Monocyte_KO_MNU_2_HT4","KO_MNU_2_HT4","Monocyte","treated","KO"
"Monocyte_WT_HT1","WT_HT1","Monocyte","untreated","WT"
"Monocyte_WT_HT2","WT_HT2","Monocyte","untreated","WT"
"Monocyte_WT_HT3","WT_HT3","Monocyte","untreated","WT"
"Monocyte_WT_HT4","WT_HT4","Monocyte","untreated","WT"
"Monocyte_WT_MNU_1_HT1","WT_MNU_1_HT1","Monocyte","treated","WT"
"Monocyte_WT_MNU_1_HT3","WT_MNU_1_HT3","Monocyte","treated","WT"
"Monocyte_WT_MNU_1_HT4","WT_MNU_1_HT4","Monocyte","treated","WT"
"Monocyte_WT_MNU_1_HT5","WT_MNU_1_HT5","Monocyte","treated","WT"
"Monocyte_WT_MNU_2_HT1","WT_MNU_2_HT1","Monocyte","treated","WT"
"Monocyte_WT_MNU_2_HT3","WT_MNU_2_HT3","Monocyte","treated","WT"
"Monocyte_WT_MNU_2_HT4","WT_MNU_2_HT4","Monocyte","treated","WT"
"Monocyte_WT_MNU_2_HT5","WT_MNU_2_HT5","Monocyte","treated","WT"
"NK_cell_KO_HT1","KO_HT1","NK_cell","untreated","KO"
"NK_cell_KO_HT2","KO_HT2","NK_cell","untreated","KO"
"NK_cell_KO_HT3","KO_HT3","NK_cell","untreated","KO"
"NK_cell_KO_HT4","KO_HT4","NK_cell","untreated","KO"
"NK_cell_KO_MNU_1_HT1","KO_MNU_1_HT1","NK_cell","treated","KO"
"NK_cell_KO_MNU_1_HT2","KO_MNU_1_HT2","NK_cell","treated","KO"
"NK_cell_KO_MNU_1_HT3","KO_MNU_1_HT3","NK_cell","treated","KO"
"NK_cell_KO_MNU_1_HT4","KO_MNU_1_HT4","NK_cell","treated","KO"
"NK_cell_KO_MNU_2_HT1","KO_MNU_2_HT1","NK_cell","treated","KO"
"NK_cell_KO_MNU_2_HT2","KO_MNU_2_HT2","NK_cell","treated","KO"
"NK_cell_KO_MNU_2_HT3","KO_MNU_2_HT3","NK_cell","treated","KO"
"NK_cell_KO_MNU_2_HT4","KO_MNU_2_HT4","NK_cell","treated","KO"
"NK_cell_WT_HT1","WT_HT1","NK_cell","untreated","WT"
"NK_cell_WT_HT2","WT_HT2","NK_cell","untreated","WT"
"NK_cell_WT_HT3","WT_HT3","NK_cell","untreated","WT"
"NK_cell_WT_HT4","WT_HT4","NK_cell","untreated","WT"
"NK_cell_WT_MNU_1_HT1","WT_MNU_1_HT1","NK_cell","treated","WT"
"NK_cell_WT_MNU_1_HT3","WT_MNU_1_HT3","NK_cell","treated","WT"
"NK_cell_WT_MNU_1_HT4","WT_MNU_1_HT4","NK_cell","treated","WT"
"NK_cell_WT_MNU_1_HT5","WT_MNU_1_HT5","NK_cell","treated","WT"
"NK_cell_WT_MNU_2_HT1","WT_MNU_2_HT1","NK_cell","treated","WT"
"NK_cell_WT_MNU_2_HT3","WT_MNU_2_HT3","NK_cell","treated","WT"
"NK_cell_WT_MNU_2_HT4","WT_MNU_2_HT4","NK_cell","treated","WT"
"NK_cell_WT_MNU_2_HT5","WT_MNU_2_HT5","NK_cell","treated","WT"
"Plasma_KO_HT1","KO_HT1","Plasma","untreated","KO"
"Plasma_KO_HT2","KO_HT2","Plasma","untreated","KO"
"Plasma_KO_HT3","KO_HT3","Plasma","untreated","KO"
"Plasma_KO_HT4","KO_HT4","Plasma","untreated","KO"
"Plasma_KO_MNU_1_HT1","KO_MNU_1_HT1","Plasma","treated","KO"
"Plasma_KO_MNU_1_HT2","KO_MNU_1_HT2","Plasma","treated","KO"
"Plasma_KO_MNU_1_HT3","KO_MNU_1_HT3","Plasma","treated","KO"
"Plasma_KO_MNU_1_HT4","KO_MNU_1_HT4","Plasma","treated","KO"
"Plasma_KO_MNU_2_HT1","KO_MNU_2_HT1","Plasma","treated","KO"
"Plasma_KO_MNU_2_HT2","KO_MNU_2_HT2","Plasma","treated","KO"
"Plasma_KO_MNU_2_HT3","KO_MNU_2_HT3","Plasma","treated","KO"
"Plasma_KO_MNU_2_HT4","KO_MNU_2_HT4","Plasma","treated","KO"
"Plasma_WT_HT1","WT_HT1","Plasma","untreated","WT"
"Plasma_WT_HT2","WT_HT2","Plasma","untreated","WT"
"Plasma_WT_HT3","WT_HT3","Plasma","untreated","WT"
"Plasma_WT_HT4","WT_HT4","Plasma","untreated","WT"
"Plasma_WT_MNU_1_HT1","WT_MNU_1_HT1","Plasma","treated","WT"
"Plasma_WT_MNU_1_HT3","WT_MNU_1_HT3","Plasma","treated","WT"
"Plasma_WT_MNU_1_HT4","WT_MNU_1_HT4","Plasma","treated","WT"
"Plasma_WT_MNU_1_HT5","WT_MNU_1_HT5","Plasma","treated","WT"
"Plasma_WT_MNU_2_HT1","WT_MNU_2_HT1","Plasma","treated","WT"
"Plasma_WT_MNU_2_HT3","WT_MNU_2_HT3","Plasma","treated","WT"
"Plasma_WT_MNU_2_HT4","WT_MNU_2_HT4","Plasma","treated","WT"
"Plasma_WT_MNU_2_HT5","WT_MNU_2_HT5","Plasma","treated","WT"
"Pre_DC2s._DC2s._proDC3s._DC3s_KO_HT1","KO_HT1","Pre_DC2s_DC2s_proDC3s_DC3s","untreated","KO"
"Pre_DC2s._DC2s._proDC3s._DC3s_KO_HT2","KO_HT2","Pre_DC2s_DC2s_proDC3s_DC3s","untreated","KO"
"Pre_DC2s._DC2s._proDC3s._DC3s_KO_HT3","KO_HT3","Pre_DC2s_DC2s_proDC3s_DC3s","untreated","KO"
"Pre_DC2s._DC2s._proDC3s._DC3s_KO_HT4","KO_HT4","Pre_DC2s_DC2s_proDC3s_DC3s","untreated","KO"
"Pre_DC2s._DC2s._proDC3s._DC3s_KO_MNU_1_HT1","KO_MNU_1_HT1","Pre_DC2s_DC2s_proDC3s_DC3s","treated","KO"
"Pre_DC2s._DC2s._proDC3s._DC3s_KO_MNU_1_HT2","KO_MNU_1_HT2","Pre_DC2s_DC2s_proDC3s_DC3s","treated","KO"
"Pre_DC2s._DC2s._proDC3s._DC3s_KO_MNU_1_HT3","KO_MNU_1_HT3","Pre_DC2s_DC2s_proDC3s_DC3s","treated","KO"
"Pre_DC2s._DC2s._proDC3s._DC3s_KO_MNU_1_HT4","KO_MNU_1_HT4","Pre_DC2s_DC2s_proDC3s_DC3s","treated","KO"
"Pre_DC2s._DC2s._proDC3s._DC3s_KO_MNU_2_HT1","KO_MNU_2_HT1","Pre_DC2s_DC2s_proDC3s_DC3s","treated","KO"
"Pre_DC2s._DC2s._proDC3s._DC3s_KO_MNU_2_HT2","KO_MNU_2_HT2","Pre_DC2s_DC2s_proDC3s_DC3s","treated","KO"
"Pre_DC2s._DC2s._proDC3s._DC3s_KO_MNU_2_HT3","KO_MNU_2_HT3","Pre_DC2s_DC2s_proDC3s_DC3s","treated","KO"
"Pre_DC2s._DC2s._proDC3s._DC3s_KO_MNU_2_HT4","KO_MNU_2_HT4","Pre_DC2s_DC2s_proDC3s_DC3s","treated","KO"
"Pre_DC2s._DC2s._proDC3s._DC3s_WT_HT1","WT_HT1","Pre_DC2s_DC2s_proDC3s_DC3s","untreated","WT"
"Pre_DC2s._DC2s._proDC3s._DC3s_WT_HT2","WT_HT2","Pre_DC2s_DC2s_proDC3s_DC3s","untreated","WT"
"Pre_DC2s._DC2s._proDC3s._DC3s_WT_HT3","WT_HT3","Pre_DC2s_DC2s_proDC3s_DC3s","untreated","WT"
"Pre_DC2s._DC2s._proDC3s._DC3s_WT_HT4","WT_HT4","Pre_DC2s_DC2s_proDC3s_DC3s","untreated","WT"
"Pre_DC2s._DC2s._proDC3s._DC3s_WT_MNU_1_HT1","WT_MNU_1_HT1","Pre_DC2s_DC2s_proDC3s_DC3s","treated","WT"
"Pre_DC2s._DC2s._proDC3s._DC3s_WT_MNU_1_HT3","WT_MNU_1_HT3","Pre_DC2s_DC2s_proDC3s_DC3s","treated","WT"
"Pre_DC2s._DC2s._proDC3s._DC3s_WT_MNU_1_HT4","WT_MNU_1_HT4","Pre_DC2s_DC2s_proDC3s_DC3s","treated","WT"
"Pre_DC2s._DC2s._proDC3s._DC3s_WT_MNU_1_HT5","WT_MNU_1_HT5","Pre_DC2s_DC2s_proDC3s_DC3s","treated","WT"
"Pre_DC2s._DC2s._proDC3s._DC3s_WT_MNU_2_HT1","WT_MNU_2_HT1","Pre_DC2s_DC2s_proDC3s_DC3s","treated","WT"
"Pre_DC2s._DC2s._proDC3s._DC3s_WT_MNU_2_HT3","WT_MNU_2_HT3","Pre_DC2s_DC2s_proDC3s_DC3s","treated","WT"
"Pre_DC2s._DC2s._proDC3s._DC3s_WT_MNU_2_HT4","WT_MNU_2_HT4","Pre_DC2s_DC2s_proDC3s_DC3s","treated","WT"
"Pre_DC2s._DC2s._proDC3s._DC3s_WT_MNU_2_HT5","WT_MNU_2_HT5","Pre_DC2s_DC2s_proDC3s_DC3s","treated","WT"
"Treg__Regulatory_T__cell_KO_HT1","KO_HT1","Treg_(Regulatory_T)_cell","untreated","KO"
"Treg__Regulatory_T__cell_KO_HT2","KO_HT2","Treg_(Regulatory_T)_cell","untreated","KO"
"Treg__Regulatory_T__cell_KO_HT3","KO_HT3","Treg_(Regulatory_T)_cell","untreated","KO"
"Treg__Regulatory_T__cell_KO_HT4","KO_HT4","Treg_(Regulatory_T)_cell","untreated","KO"
"Treg__Regulatory_T__cell_KO_MNU_1_HT1","KO_MNU_1_HT1","Treg_(Regulatory_T)_cell","treated","KO"
"Treg__Regulatory_T__cell_KO_MNU_1_HT2","KO_MNU_1_HT2","Treg_(Regulatory_T)_cell","treated","KO"
"Treg__Regulatory_T__cell_KO_MNU_1_HT3","KO_MNU_1_HT3","Treg_(Regulatory_T)_cell","treated","KO"
"Treg__Regulatory_T__cell_KO_MNU_1_HT4","KO_MNU_1_HT4","Treg_(Regulatory_T)_cell","treated","KO"
"Treg__Regulatory_T__cell_KO_MNU_2_HT1","KO_MNU_2_HT1","Treg_(Regulatory_T)_cell","treated","KO"
"Treg__Regulatory_T__cell_KO_MNU_2_HT2","KO_MNU_2_HT2","Treg_(Regulatory_T)_cell","treated","KO"
"Treg__Regulatory_T__cell_KO_MNU_2_HT3","KO_MNU_2_HT3","Treg_(Regulatory_T)_cell","treated","KO"
"Treg__Regulatory_T__cell_KO_MNU_2_HT4","KO_MNU_2_HT4","Treg_(Regulatory_T)_cell","treated","KO"
"Treg__Regulatory_T__cell_WT_HT1","WT_HT1","Treg_(Regulatory_T)_cell","untreated","WT"
"Treg__Regulatory_T__cell_WT_HT2","WT_HT2","Treg_(Regulatory_T)_cell","untreated","WT"
"Treg__Regulatory_T__cell_WT_HT3","WT_HT3","Treg_(Regulatory_T)_cell","untreated","WT"
"Treg__Regulatory_T__cell_WT_HT4","WT_HT4","Treg_(Regulatory_T)_cell","untreated","WT"
"Treg__Regulatory_T__cell_WT_MNU_1_HT1","WT_MNU_1_HT1","Treg_(Regulatory_T)_cell","treated","WT"
"Treg__Regulatory_T__cell_WT_MNU_1_HT3","WT_MNU_1_HT3","Treg_(Regulatory_T)_cell","treated","WT"
"Treg__Regulatory_T__cell_WT_MNU_1_HT4","WT_MNU_1_HT4","Treg_(Regulatory_T)_cell","treated","WT"
"Treg__Regulatory_T__cell_WT_MNU_1_HT5","WT_MNU_1_HT5","Treg_(Regulatory_T)_cell","treated","WT"
"Treg__Regulatory_T__cell_WT_MNU_2_HT1","WT_MNU_2_HT1","Treg_(Regulatory_T)_cell","treated","WT"
"Treg__Regulatory_T__cell_WT_MNU_2_HT3","WT_MNU_2_HT3","Treg_(Regulatory_T)_cell","treated","WT"
"Treg__Regulatory_T__cell_WT_MNU_2_HT4","WT_MNU_2_HT4","Treg_(Regulatory_T)_cell","treated","WT"
"Treg__Regulatory_T__cell_WT_MNU_2_HT5","WT_MNU_2_HT5","Treg_(Regulatory_T)_cell","treated","WT"
